Vocaloid Motion Data 0002,0
Electone3DModel
0
2435
Ready,0,1.0
One_3,0,1.0
One_4,0,1.0
One_2,0,1.0
One_1,0,1.0
ShiftV1_4,0,0.0
ShiftV2_4,0,0.0
Shift>1_4,0,0.0
Shift>2_4,0,0.0
Shift>3_4,0,0.0
ShiftV1_3,0,0.0
ShiftV2_3,0,0.0
Shift>1_3,0,0.0
Shift>2_3,0,0.0
Shift>3_3,0,0.0
ShiftV1_4,29,0.0
ShiftV2_4,29,0.0
Shift>1_4,29,0.0
Shift>2_4,29,0.0
Shift>3_4,29,0.0
ShiftV1_3,29,0.0
ShiftV2_3,29,0.0
Shift>1_3,29,0.0
Shift>2_3,29,0.0
Shift>3_3,29,0.0
ShiftV1_4,30,0.0
ShiftV2_4,30,0.0
Shift>1_4,30,1.0
Shift>2_4,30,0.0
Shift>3_4,30,0.0
ShiftV1_3,30,0.0
ShiftV2_3,30,0.0
Shift>1_3,30,0.0
Shift>2_3,30,0.0
Shift>3_3,30,0.0
ShiftV1_4,59,0.0
ShiftV2_4,59,0.0
Shift>1_4,59,1.0
Shift>2_4,59,0.0
Shift>3_4,59,0.0
ShiftV1_3,59,0.0
ShiftV2_3,59,0.0
Shift>1_3,59,0.0
Shift>2_3,59,0.0
Shift>3_3,59,0.0
ShiftV1_4,60,0.0
ShiftV2_4,60,0.0
Shift>1_4,60,1.0
Shift>2_4,60,1.0
Shift>3_4,60,0.0
ShiftV1_3,60,0.0
ShiftV2_3,60,0.0
Shift>1_3,60,0.0
Shift>2_3,60,0.0
Shift>3_3,60,0.0
ShiftV1_4,89,0.0
ShiftV2_4,89,0.0
Shift>1_4,89,1.0
Shift>2_4,89,1.0
Shift>3_4,89,0.0
ShiftV1_3,89,0.0
ShiftV2_3,89,0.0
Shift>1_3,89,0.0
Shift>2_3,89,0.0
Shift>3_3,89,0.0
ShiftV1_4,90,0.0
ShiftV2_4,90,0.0
Shift>1_4,90,1.0
Shift>2_4,90,1.0
Shift>3_4,90,1.0
ShiftV1_3,90,0.0
ShiftV2_3,90,0.0
Shift>1_3,90,0.0
Shift>2_3,90,0.0
Shift>3_3,90,0.0
ShiftV1_4,119,0.0
ShiftV2_4,119,0.0
Shift>1_4,119,1.0
Shift>2_4,119,1.0
Shift>3_4,119,1.0
ShiftV1_3,119,0.0
ShiftV2_3,119,0.0
Shift>1_3,119,0.0
Shift>2_3,119,0.0
Shift>3_3,119,0.0
ShiftV1_4,120,0.0
ShiftV2_4,120,0.0
Shift>1_4,120,0.0
Shift>2_4,120,0.0
Shift>3_4,120,0.0
ShiftV1_3,120,0.0
ShiftV2_3,120,0.0
Shift>1_3,120,1.0
Shift>2_3,120,0.0
Shift>3_3,120,0.0
ShiftV1_4,149,0.0
ShiftV2_4,149,0.0
Shift>1_4,149,0.0
Shift>2_4,149,0.0
Shift>3_4,149,0.0
ShiftV1_3,149,0.0
ShiftV2_3,149,0.0
Shift>1_3,149,1.0
Shift>2_3,149,0.0
Shift>3_3,149,0.0
ShiftV1_4,150,0.0
ShiftV2_4,150,0.0
Shift>1_4,150,1.0
Shift>2_4,150,0.0
Shift>3_4,150,0.0
ShiftV1_3,150,0.0
ShiftV2_3,150,0.0
Shift>1_3,150,1.0
Shift>2_3,150,0.0
Shift>3_3,150,0.0
ShiftV1_4,179,0.0
ShiftV2_4,179,0.0
Shift>1_4,179,1.0
Shift>2_4,179,0.0
Shift>3_4,179,0.0
ShiftV1_3,179,0.0
ShiftV2_3,179,0.0
Shift>1_3,179,1.0
Shift>2_3,179,0.0
Shift>3_3,179,0.0
ShiftV1_4,180,0.0
ShiftV2_4,180,0.0
Shift>1_4,180,1.0
Shift>2_4,180,1.0
Shift>3_4,180,0.0
ShiftV1_3,180,0.0
ShiftV2_3,180,0.0
Shift>1_3,180,1.0
Shift>2_3,180,0.0
Shift>3_3,180,0.0
ShiftV1_4,209,0.0
ShiftV2_4,209,0.0
Shift>1_4,209,1.0
Shift>2_4,209,1.0
Shift>3_4,209,0.0
ShiftV1_3,209,0.0
ShiftV2_3,209,0.0
Shift>1_3,209,1.0
Shift>2_3,209,0.0
Shift>3_3,209,0.0
ShiftV1_4,210,0.0
ShiftV2_4,210,0.0
Shift>1_4,210,1.0
Shift>2_4,210,1.0
Shift>3_4,210,1.0
ShiftV1_3,210,0.0
ShiftV2_3,210,0.0
Shift>1_3,210,1.0
Shift>2_3,210,0.0
Shift>3_3,210,0.0
ShiftV1_4,239,0.0
ShiftV2_4,239,0.0
Shift>1_4,239,1.0
Shift>2_4,239,1.0
Shift>3_4,239,1.0
ShiftV1_3,239,0.0
ShiftV2_3,239,0.0
Shift>1_3,239,1.0
Shift>2_3,239,0.0
Shift>3_3,239,0.0
ShiftV1_4,240,0.0
ShiftV2_4,240,0.0
Shift>1_4,240,0.0
Shift>2_4,240,0.0
Shift>3_4,240,0.0
ShiftV1_3,240,0.0
ShiftV2_3,240,0.0
Shift>1_3,240,1.0
Shift>2_3,240,1.0
Shift>3_3,240,0.0
ShiftV1_4,269,0.0
ShiftV2_4,269,0.0
Shift>1_4,269,0.0
Shift>2_4,269,0.0
Shift>3_4,269,0.0
ShiftV1_3,269,0.0
ShiftV2_3,269,0.0
Shift>1_3,269,1.0
Shift>2_3,269,1.0
Shift>3_3,269,0.0
ShiftV1_4,270,0.0
ShiftV2_4,270,0.0
Shift>1_4,270,1.0
Shift>2_4,270,0.0
Shift>3_4,270,0.0
ShiftV1_3,270,0.0
ShiftV2_3,270,0.0
Shift>1_3,270,1.0
Shift>2_3,270,1.0
Shift>3_3,270,0.0
ShiftV1_4,299,0.0
ShiftV2_4,299,0.0
Shift>1_4,299,1.0
Shift>2_4,299,0.0
Shift>3_4,299,0.0
ShiftV1_3,299,0.0
ShiftV2_3,299,0.0
Shift>1_3,299,1.0
Shift>2_3,299,1.0
Shift>3_3,299,0.0
ShiftV1_4,300,0.0
ShiftV2_4,300,0.0
Shift>1_4,300,1.0
Shift>2_4,300,1.0
Shift>3_4,300,0.0
ShiftV1_3,300,0.0
ShiftV2_3,300,0.0
Shift>1_3,300,1.0
Shift>2_3,300,1.0
Shift>3_3,300,0.0
ShiftV1_4,329,0.0
ShiftV2_4,329,0.0
Shift>1_4,329,1.0
Shift>2_4,329,1.0
Shift>3_4,329,0.0
ShiftV1_3,329,0.0
ShiftV2_3,329,0.0
Shift>1_3,329,1.0
Shift>2_3,329,1.0
Shift>3_3,329,0.0
ShiftV1_4,330,0.0
ShiftV2_4,330,0.0
Shift>1_4,330,1.0
Shift>2_4,330,1.0
Shift>3_4,330,1.0
ShiftV1_3,330,0.0
ShiftV2_3,330,0.0
Shift>1_3,330,1.0
Shift>2_3,330,1.0
Shift>3_3,330,0.0
ShiftV1_4,359,0.0
ShiftV2_4,359,0.0
Shift>1_4,359,1.0
Shift>2_4,359,1.0
Shift>3_4,359,1.0
ShiftV1_3,359,0.0
ShiftV2_3,359,0.0
Shift>1_3,359,1.0
Shift>2_3,359,1.0
Shift>3_3,359,0.0
ShiftV1_4,360,0.0
ShiftV2_4,360,0.0
Shift>1_4,360,0.0
Shift>2_4,360,0.0
Shift>3_4,360,0.0
ShiftV1_3,360,0.0
ShiftV2_3,360,0.0
Shift>1_3,360,1.0
Shift>2_3,360,1.0
Shift>3_3,360,1.0
ShiftV1_4,389,0.0
ShiftV2_4,389,0.0
Shift>1_4,389,0.0
Shift>2_4,389,0.0
Shift>3_4,389,0.0
ShiftV1_3,389,0.0
ShiftV2_3,389,0.0
Shift>1_3,389,1.0
Shift>2_3,389,1.0
Shift>3_3,389,1.0
ShiftV1_4,390,0.0
ShiftV2_4,390,0.0
Shift>1_4,390,1.0
Shift>2_4,390,0.0
Shift>3_4,390,0.0
ShiftV1_3,390,0.0
ShiftV2_3,390,0.0
Shift>1_3,390,1.0
Shift>2_3,390,1.0
Shift>3_3,390,1.0
ShiftV1_4,419,0.0
ShiftV2_4,419,0.0
Shift>1_4,419,1.0
Shift>2_4,419,0.0
Shift>3_4,419,0.0
ShiftV1_3,419,0.0
ShiftV2_3,419,0.0
Shift>1_3,419,1.0
Shift>2_3,419,1.0
Shift>3_3,419,1.0
ShiftV1_4,420,0.0
ShiftV2_4,420,0.0
Shift>1_4,420,1.0
Shift>2_4,420,1.0
Shift>3_4,420,0.0
ShiftV1_3,420,0.0
ShiftV2_3,420,0.0
Shift>1_3,420,1.0
Shift>2_3,420,1.0
Shift>3_3,420,1.0
ShiftV1_4,449,0.0
ShiftV2_4,449,0.0
Shift>1_4,449,1.0
Shift>2_4,449,1.0
Shift>3_4,449,0.0
ShiftV1_3,449,0.0
ShiftV2_3,449,0.0
Shift>1_3,449,1.0
Shift>2_3,449,1.0
Shift>3_3,449,1.0
ShiftV1_4,450,0.0
ShiftV2_4,450,0.0
Shift>1_4,450,1.0
Shift>2_4,450,1.0
Shift>3_4,450,1.0
ShiftV1_3,450,0.0
ShiftV2_3,450,0.0
Shift>1_3,450,1.0
Shift>2_3,450,1.0
Shift>3_3,450,1.0
ShiftV1_4,479,0.0
ShiftV2_4,479,0.0
Shift>1_4,479,1.0
Shift>2_4,479,1.0
Shift>3_4,479,1.0
ShiftV1_3,479,0.0
ShiftV2_3,479,0.0
Shift>1_3,479,1.0
Shift>2_3,479,1.0
Shift>3_3,479,1.0
ShiftV1_4,480,0.0
ShiftV2_4,480,0.0
Shift>1_4,480,0.0
Shift>2_4,480,0.0
Shift>3_4,480,0.0
ShiftV1_3,480,1.0
ShiftV2_3,480,0.0
Shift>1_3,480,0.0
Shift>2_3,480,0.0
Shift>3_3,480,0.0
ShiftV1_4,509,0.0
ShiftV2_4,509,0.0
Shift>1_4,509,0.0
Shift>2_4,509,0.0
Shift>3_4,509,0.0
ShiftV1_3,509,1.0
ShiftV2_3,509,0.0
Shift>1_3,509,0.0
Shift>2_3,509,0.0
Shift>3_3,509,0.0
ShiftV1_4,510,0.0
ShiftV2_4,510,0.0
Shift>1_4,510,1.0
Shift>2_4,510,0.0
Shift>3_4,510,0.0
ShiftV1_3,510,1.0
ShiftV2_3,510,0.0
Shift>1_3,510,0.0
Shift>2_3,510,0.0
Shift>3_3,510,0.0
ShiftV1_4,539,0.0
ShiftV2_4,539,0.0
Shift>1_4,539,1.0
Shift>2_4,539,0.0
Shift>3_4,539,0.0
ShiftV1_3,539,1.0
ShiftV2_3,539,0.0
Shift>1_3,539,0.0
Shift>2_3,539,0.0
Shift>3_3,539,0.0
ShiftV1_4,540,0.0
ShiftV2_4,540,0.0
Shift>1_4,540,1.0
Shift>2_4,540,1.0
Shift>3_4,540,0.0
ShiftV1_3,540,1.0
ShiftV2_3,540,0.0
Shift>1_3,540,0.0
Shift>2_3,540,0.0
Shift>3_3,540,0.0
ShiftV1_4,569,0.0
ShiftV2_4,569,0.0
Shift>1_4,569,1.0
Shift>2_4,569,1.0
Shift>3_4,569,0.0
ShiftV1_3,569,1.0
ShiftV2_3,569,0.0
Shift>1_3,569,0.0
Shift>2_3,569,0.0
Shift>3_3,569,0.0
ShiftV1_4,570,0.0
ShiftV2_4,570,0.0
Shift>1_4,570,1.0
Shift>2_4,570,1.0
Shift>3_4,570,1.0
ShiftV1_3,570,1.0
ShiftV2_3,570,0.0
Shift>1_3,570,0.0
Shift>2_3,570,0.0
Shift>3_3,570,0.0
ShiftV1_4,599,0.0
ShiftV2_4,599,0.0
Shift>1_4,599,1.0
Shift>2_4,599,1.0
Shift>3_4,599,1.0
ShiftV1_3,599,1.0
ShiftV2_3,599,0.0
Shift>1_3,599,0.0
Shift>2_3,599,0.0
Shift>3_3,599,0.0
ShiftV1_4,600,0.0
ShiftV2_4,600,0.0
Shift>1_4,600,0.0
Shift>2_4,600,0.0
Shift>3_4,600,0.0
ShiftV1_3,600,1.0
ShiftV2_3,600,0.0
Shift>1_3,600,1.0
Shift>2_3,600,0.0
Shift>3_3,600,0.0
ShiftV1_4,629,0.0
ShiftV2_4,629,0.0
Shift>1_4,629,0.0
Shift>2_4,629,0.0
Shift>3_4,629,0.0
ShiftV1_3,629,1.0
ShiftV2_3,629,0.0
Shift>1_3,629,1.0
Shift>2_3,629,0.0
Shift>3_3,629,0.0
ShiftV1_4,630,0.0
ShiftV2_4,630,0.0
Shift>1_4,630,1.0
Shift>2_4,630,0.0
Shift>3_4,630,0.0
ShiftV1_3,630,1.0
ShiftV2_3,630,0.0
Shift>1_3,630,1.0
Shift>2_3,630,0.0
Shift>3_3,630,0.0
ShiftV1_4,659,0.0
ShiftV2_4,659,0.0
Shift>1_4,659,1.0
Shift>2_4,659,0.0
Shift>3_4,659,0.0
ShiftV1_3,659,1.0
ShiftV2_3,659,0.0
Shift>1_3,659,1.0
Shift>2_3,659,0.0
Shift>3_3,659,0.0
ShiftV1_4,660,0.0
ShiftV2_4,660,0.0
Shift>1_4,660,1.0
Shift>2_4,660,1.0
Shift>3_4,660,0.0
ShiftV1_3,660,1.0
ShiftV2_3,660,0.0
Shift>1_3,660,1.0
Shift>2_3,660,0.0
Shift>3_3,660,0.0
ShiftV1_4,689,0.0
ShiftV2_4,689,0.0
Shift>1_4,689,1.0
Shift>2_4,689,1.0
Shift>3_4,689,0.0
ShiftV1_3,689,1.0
ShiftV2_3,689,0.0
Shift>1_3,689,1.0
Shift>2_3,689,0.0
Shift>3_3,689,0.0
ShiftV1_4,690,0.0
ShiftV2_4,690,0.0
Shift>1_4,690,1.0
Shift>2_4,690,1.0
Shift>3_4,690,1.0
ShiftV1_3,690,1.0
ShiftV2_3,690,0.0
Shift>1_3,690,1.0
Shift>2_3,690,0.0
Shift>3_3,690,0.0
ShiftV1_4,719,0.0
ShiftV2_4,719,0.0
Shift>1_4,719,1.0
Shift>2_4,719,1.0
Shift>3_4,719,1.0
ShiftV1_3,719,1.0
ShiftV2_3,719,0.0
Shift>1_3,719,1.0
Shift>2_3,719,0.0
Shift>3_3,719,0.0
ShiftV1_4,720,0.0
ShiftV2_4,720,0.0
Shift>1_4,720,0.0
Shift>2_4,720,0.0
Shift>3_4,720,0.0
ShiftV1_3,720,1.0
ShiftV2_3,720,0.0
Shift>1_3,720,1.0
Shift>2_3,720,1.0
Shift>3_3,720,0.0
ShiftV1_4,749,0.0
ShiftV2_4,749,0.0
Shift>1_4,749,0.0
Shift>2_4,749,0.0
Shift>3_4,749,0.0
ShiftV1_3,749,1.0
ShiftV2_3,749,0.0
Shift>1_3,749,1.0
Shift>2_3,749,1.0
Shift>3_3,749,0.0
ShiftV1_4,750,0.0
ShiftV2_4,750,0.0
Shift>1_4,750,1.0
Shift>2_4,750,0.0
Shift>3_4,750,0.0
ShiftV1_3,750,1.0
ShiftV2_3,750,0.0
Shift>1_3,750,1.0
Shift>2_3,750,1.0
Shift>3_3,750,0.0
ShiftV1_4,779,0.0
ShiftV2_4,779,0.0
Shift>1_4,779,1.0
Shift>2_4,779,0.0
Shift>3_4,779,0.0
ShiftV1_3,779,1.0
ShiftV2_3,779,0.0
Shift>1_3,779,1.0
Shift>2_3,779,1.0
Shift>3_3,779,0.0
ShiftV1_4,780,0.0
ShiftV2_4,780,0.0
Shift>1_4,780,1.0
Shift>2_4,780,1.0
Shift>3_4,780,0.0
ShiftV1_3,780,1.0
ShiftV2_3,780,0.0
Shift>1_3,780,1.0
Shift>2_3,780,1.0
Shift>3_3,780,0.0
ShiftV1_4,809,0.0
ShiftV2_4,809,0.0
Shift>1_4,809,1.0
Shift>2_4,809,1.0
Shift>3_4,809,0.0
ShiftV1_3,809,1.0
ShiftV2_3,809,0.0
Shift>1_3,809,1.0
Shift>2_3,809,1.0
Shift>3_3,809,0.0
ShiftV1_4,810,0.0
ShiftV2_4,810,0.0
Shift>1_4,810,1.0
Shift>2_4,810,1.0
Shift>3_4,810,1.0
ShiftV1_3,810,1.0
ShiftV2_3,810,0.0
Shift>1_3,810,1.0
Shift>2_3,810,1.0
Shift>3_3,810,0.0
ShiftV1_4,839,0.0
ShiftV2_4,839,0.0
Shift>1_4,839,1.0
Shift>2_4,839,1.0
Shift>3_4,839,1.0
ShiftV1_3,839,1.0
ShiftV2_3,839,0.0
Shift>1_3,839,1.0
Shift>2_3,839,1.0
Shift>3_3,839,0.0
ShiftV1_4,840,0.0
ShiftV2_4,840,0.0
Shift>1_4,840,0.0
Shift>2_4,840,0.0
Shift>3_4,840,0.0
ShiftV1_3,840,1.0
ShiftV2_3,840,0.0
Shift>1_3,840,1.0
Shift>2_3,840,1.0
Shift>3_3,840,1.0
ShiftV1_4,869,0.0
ShiftV2_4,869,0.0
Shift>1_4,869,0.0
Shift>2_4,869,0.0
Shift>3_4,869,0.0
ShiftV1_3,869,1.0
ShiftV2_3,869,0.0
Shift>1_3,869,1.0
Shift>2_3,869,1.0
Shift>3_3,869,1.0
ShiftV1_4,870,0.0
ShiftV2_4,870,0.0
Shift>1_4,870,1.0
Shift>2_4,870,0.0
Shift>3_4,870,0.0
ShiftV1_3,870,1.0
ShiftV2_3,870,0.0
Shift>1_3,870,1.0
Shift>2_3,870,1.0
Shift>3_3,870,1.0
ShiftV1_4,899,0.0
ShiftV2_4,899,0.0
Shift>1_4,899,1.0
Shift>2_4,899,0.0
Shift>3_4,899,0.0
ShiftV1_3,899,1.0
ShiftV2_3,899,0.0
Shift>1_3,899,1.0
Shift>2_3,899,1.0
Shift>3_3,899,1.0
ShiftV1_4,900,0.0
ShiftV2_4,900,0.0
Shift>1_4,900,1.0
Shift>2_4,900,1.0
Shift>3_4,900,0.0
ShiftV1_3,900,1.0
ShiftV2_3,900,0.0
Shift>1_3,900,1.0
Shift>2_3,900,1.0
Shift>3_3,900,1.0
ShiftV1_4,929,0.0
ShiftV2_4,929,0.0
Shift>1_4,929,1.0
Shift>2_4,929,1.0
Shift>3_4,929,0.0
ShiftV1_3,929,1.0
ShiftV2_3,929,0.0
Shift>1_3,929,1.0
Shift>2_3,929,1.0
Shift>3_3,929,1.0
ShiftV1_4,930,0.0
ShiftV2_4,930,0.0
Shift>1_4,930,1.0
Shift>2_4,930,1.0
Shift>3_4,930,1.0
ShiftV1_3,930,1.0
ShiftV2_3,930,0.0
Shift>1_3,930,1.0
Shift>2_3,930,1.0
Shift>3_3,930,1.0
ShiftV1_4,959,0.0
ShiftV2_4,959,0.0
Shift>1_4,959,1.0
Shift>2_4,959,1.0
Shift>3_4,959,1.0
ShiftV1_3,959,1.0
ShiftV2_3,959,0.0
Shift>1_3,959,1.0
Shift>2_3,959,1.0
Shift>3_3,959,1.0
ShiftV1_4,960,0.0
ShiftV2_4,960,0.0
Shift>1_4,960,0.0
Shift>2_4,960,0.0
Shift>3_4,960,0.0
ShiftV1_3,960,1.0
ShiftV2_3,960,1.0
Shift>1_3,960,0.0
Shift>2_3,960,0.0
Shift>3_3,960,0.0
ShiftV1_4,989,0.0
ShiftV2_4,989,0.0
Shift>1_4,989,0.0
Shift>2_4,989,0.0
Shift>3_4,989,0.0
ShiftV1_3,989,1.0
ShiftV2_3,989,1.0
Shift>1_3,989,0.0
Shift>2_3,989,0.0
Shift>3_3,989,0.0
ShiftV1_4,990,0.0
ShiftV2_4,990,0.0
Shift>1_4,990,1.0
Shift>2_4,990,0.0
Shift>3_4,990,0.0
ShiftV1_3,990,1.0
ShiftV2_3,990,1.0
Shift>1_3,990,0.0
Shift>2_3,990,0.0
Shift>3_3,990,0.0
ShiftV1_4,1019,0.0
ShiftV2_4,1019,0.0
Shift>1_4,1019,1.0
Shift>2_4,1019,0.0
Shift>3_4,1019,0.0
ShiftV1_3,1019,1.0
ShiftV2_3,1019,1.0
Shift>1_3,1019,0.0
Shift>2_3,1019,0.0
Shift>3_3,1019,0.0
ShiftV1_4,1020,0.0
ShiftV2_4,1020,0.0
Shift>1_4,1020,1.0
Shift>2_4,1020,1.0
Shift>3_4,1020,0.0
ShiftV1_3,1020,1.0
ShiftV2_3,1020,1.0
Shift>1_3,1020,0.0
Shift>2_3,1020,0.0
Shift>3_3,1020,0.0
ShiftV1_4,1049,0.0
ShiftV2_4,1049,0.0
Shift>1_4,1049,1.0
Shift>2_4,1049,1.0
Shift>3_4,1049,0.0
ShiftV1_3,1049,1.0
ShiftV2_3,1049,1.0
Shift>1_3,1049,0.0
Shift>2_3,1049,0.0
Shift>3_3,1049,0.0
ShiftV1_4,1050,0.0
ShiftV2_4,1050,0.0
Shift>1_4,1050,1.0
Shift>2_4,1050,1.0
Shift>3_4,1050,1.0
ShiftV1_3,1050,1.0
ShiftV2_3,1050,1.0
Shift>1_3,1050,0.0
Shift>2_3,1050,0.0
Shift>3_3,1050,0.0
ShiftV1_4,1079,0.0
ShiftV2_4,1079,0.0
Shift>1_4,1079,1.0
Shift>2_4,1079,1.0
Shift>3_4,1079,1.0
ShiftV1_3,1079,1.0
ShiftV2_3,1079,1.0
Shift>1_3,1079,0.0
Shift>2_3,1079,0.0
Shift>3_3,1079,0.0
ShiftV1_2,1079,0.0
ShiftV2_2,1079,0.0
Shift>1_2,1079,0.0
Shift>2_2,1079,0.0
Shift>3_2,1079,0.0
ShiftV1_4,1080,0.0
ShiftV2_4,1080,0.0
Shift>1_4,1080,0.0
Shift>2_4,1080,0.0
Shift>3_4,1080,0.0
ShiftV1_3,1080,1.0
ShiftV2_3,1080,1.0
Shift>1_3,1080,1.0
Shift>2_3,1080,0.0
Shift>3_3,1080,0.0
ShiftV1_2,1080,0.0
ShiftV2_2,1080,0.0
Shift>1_2,1080,1.0
Shift>2_2,1080,0.0
Shift>3_2,1080,0.0
ShiftV1_4,1109,0.0
ShiftV2_4,1109,0.0
Shift>1_4,1109,0.0
Shift>2_4,1109,0.0
Shift>3_4,1109,0.0
ShiftV1_3,1109,1.0
ShiftV2_3,1109,1.0
Shift>1_3,1109,1.0
Shift>2_3,1109,0.0
Shift>3_3,1109,0.0
ShiftV1_4,1110,0.0
ShiftV2_4,1110,0.0
Shift>1_4,1110,1.0
Shift>2_4,1110,0.0
Shift>3_4,1110,0.0
ShiftV1_3,1110,1.0
ShiftV2_3,1110,1.0
Shift>1_3,1110,1.0
Shift>2_3,1110,0.0
Shift>3_3,1110,0.0
ShiftV1_4,1139,0.0
ShiftV2_4,1139,0.0
Shift>1_4,1139,1.0
Shift>2_4,1139,0.0
Shift>3_4,1139,0.0
ShiftV1_3,1139,1.0
ShiftV2_3,1139,1.0
Shift>1_3,1139,1.0
Shift>2_3,1139,0.0
Shift>3_3,1139,0.0
ShiftV1_4,1140,0.0
ShiftV2_4,1140,0.0
Shift>1_4,1140,1.0
Shift>2_4,1140,1.0
Shift>3_4,1140,0.0
ShiftV1_3,1140,1.0
ShiftV2_3,1140,1.0
Shift>1_3,1140,1.0
Shift>2_3,1140,0.0
Shift>3_3,1140,0.0
ShiftV1_4,1169,0.0
ShiftV2_4,1169,0.0
Shift>1_4,1169,1.0
Shift>2_4,1169,1.0
Shift>3_4,1169,0.0
ShiftV1_3,1169,1.0
ShiftV2_3,1169,1.0
Shift>1_3,1169,1.0
Shift>2_3,1169,0.0
Shift>3_3,1169,0.0
ShiftV1_4,1170,0.0
ShiftV2_4,1170,0.0
Shift>1_4,1170,1.0
Shift>2_4,1170,1.0
Shift>3_4,1170,1.0
ShiftV1_3,1170,1.0
ShiftV2_3,1170,1.0
Shift>1_3,1170,1.0
Shift>2_3,1170,0.0
Shift>3_3,1170,0.0
ShiftV1_4,1199,0.0
ShiftV2_4,1199,0.0
Shift>1_4,1199,1.0
Shift>2_4,1199,1.0
Shift>3_4,1199,1.0
ShiftV1_3,1199,1.0
ShiftV2_3,1199,1.0
Shift>1_3,1199,1.0
Shift>2_3,1199,0.0
Shift>3_3,1199,0.0
ShiftV1_4,1200,0.0
ShiftV2_4,1200,0.0
Shift>1_4,1200,0.0
Shift>2_4,1200,0.0
Shift>3_4,1200,0.0
ShiftV1_3,1200,0.0
ShiftV2_3,1200,0.0
Shift>1_3,1200,0.0
Shift>2_3,1200,0.0
Shift>3_3,1200,0.0
ShiftV1_4,1229,0.0
ShiftV2_4,1229,0.0
Shift>1_4,1229,0.0
Shift>2_4,1229,0.0
Shift>3_4,1229,0.0
ShiftV1_3,1229,0.0
ShiftV2_3,1229,0.0
Shift>1_3,1229,0.0
Shift>2_3,1229,0.0
Shift>3_3,1229,0.0
ShiftV1_4,1230,0.0
ShiftV2_4,1230,0.0
Shift>1_4,1230,1.0
Shift>2_4,1230,0.0
Shift>3_4,1230,0.0
ShiftV1_3,1230,0.0
ShiftV2_3,1230,0.0
Shift>1_3,1230,0.0
Shift>2_3,1230,0.0
Shift>3_3,1230,0.0
ShiftV1_4,1259,0.0
ShiftV2_4,1259,0.0
Shift>1_4,1259,1.0
Shift>2_4,1259,0.0
Shift>3_4,1259,0.0
ShiftV1_3,1259,0.0
ShiftV2_3,1259,0.0
Shift>1_3,1259,0.0
Shift>2_3,1259,0.0
Shift>3_3,1259,0.0
ShiftV1_4,1260,0.0
ShiftV2_4,1260,0.0
Shift>1_4,1260,1.0
Shift>2_4,1260,1.0
Shift>3_4,1260,0.0
ShiftV1_3,1260,0.0
ShiftV2_3,1260,0.0
Shift>1_3,1260,0.0
Shift>2_3,1260,0.0
Shift>3_3,1260,0.0
ShiftV1_4,1289,0.0
ShiftV2_4,1289,0.0
Shift>1_4,1289,1.0
Shift>2_4,1289,1.0
Shift>3_4,1289,0.0
ShiftV1_3,1289,0.0
ShiftV2_3,1289,0.0
Shift>1_3,1289,0.0
Shift>2_3,1289,0.0
Shift>3_3,1289,0.0
ShiftV1_4,1290,0.0
ShiftV2_4,1290,0.0
Shift>1_4,1290,1.0
Shift>2_4,1290,1.0
Shift>3_4,1290,1.0
ShiftV1_3,1290,0.0
ShiftV2_3,1290,0.0
Shift>1_3,1290,0.0
Shift>2_3,1290,0.0
Shift>3_3,1290,0.0
ShiftV1_4,1319,0.0
ShiftV2_4,1319,0.0
Shift>1_4,1319,1.0
Shift>2_4,1319,1.0
Shift>3_4,1319,1.0
ShiftV1_3,1319,0.0
ShiftV2_3,1319,0.0
Shift>1_3,1319,0.0
Shift>2_3,1319,0.0
Shift>3_3,1319,0.0
ShiftV1_4,1320,0.0
ShiftV2_4,1320,0.0
Shift>1_4,1320,0.0
Shift>2_4,1320,0.0
Shift>3_4,1320,0.0
ShiftV1_3,1320,0.0
ShiftV2_3,1320,0.0
Shift>1_3,1320,1.0
Shift>2_3,1320,0.0
Shift>3_3,1320,0.0
ShiftV1_4,1349,0.0
ShiftV2_4,1349,0.0
Shift>1_4,1349,0.0
Shift>2_4,1349,0.0
Shift>3_4,1349,0.0
ShiftV1_3,1349,0.0
ShiftV2_3,1349,0.0
Shift>1_3,1349,1.0
Shift>2_3,1349,0.0
Shift>3_3,1349,0.0
ShiftV1_4,1350,0.0
ShiftV2_4,1350,0.0
Shift>1_4,1350,1.0
Shift>2_4,1350,0.0
Shift>3_4,1350,0.0
ShiftV1_3,1350,0.0
ShiftV2_3,1350,0.0
Shift>1_3,1350,1.0
Shift>2_3,1350,0.0
Shift>3_3,1350,0.0
ShiftV1_4,1379,0.0
ShiftV2_4,1379,0.0
Shift>1_4,1379,1.0
Shift>2_4,1379,0.0
Shift>3_4,1379,0.0
ShiftV1_3,1379,0.0
ShiftV2_3,1379,0.0
Shift>1_3,1379,1.0
Shift>2_3,1379,0.0
Shift>3_3,1379,0.0
ShiftV1_4,1380,0.0
ShiftV2_4,1380,0.0
Shift>1_4,1380,1.0
Shift>2_4,1380,1.0
Shift>3_4,1380,0.0
ShiftV1_3,1380,0.0
ShiftV2_3,1380,0.0
Shift>1_3,1380,1.0
Shift>2_3,1380,0.0
Shift>3_3,1380,0.0
ShiftV1_4,1409,0.0
ShiftV2_4,1409,0.0
Shift>1_4,1409,1.0
Shift>2_4,1409,1.0
Shift>3_4,1409,0.0
ShiftV1_3,1409,0.0
ShiftV2_3,1409,0.0
Shift>1_3,1409,1.0
Shift>2_3,1409,0.0
Shift>3_3,1409,0.0
ShiftV1_4,1410,0.0
ShiftV2_4,1410,0.0
Shift>1_4,1410,1.0
Shift>2_4,1410,1.0
Shift>3_4,1410,1.0
ShiftV1_3,1410,0.0
ShiftV2_3,1410,0.0
Shift>1_3,1410,1.0
Shift>2_3,1410,0.0
Shift>3_3,1410,0.0
ShiftV1_4,1439,0.0
ShiftV2_4,1439,0.0
Shift>1_4,1439,1.0
Shift>2_4,1439,1.0
Shift>3_4,1439,1.0
ShiftV1_3,1439,0.0
ShiftV2_3,1439,0.0
Shift>1_3,1439,1.0
Shift>2_3,1439,0.0
Shift>3_3,1439,0.0
ShiftV1_4,1440,0.0
ShiftV2_4,1440,0.0
Shift>1_4,1440,0.0
Shift>2_4,1440,0.0
Shift>3_4,1440,0.0
ShiftV1_3,1440,0.0
ShiftV2_3,1440,0.0
Shift>1_3,1440,1.0
Shift>2_3,1440,1.0
Shift>3_3,1440,0.0
ShiftV1_4,1469,0.0
ShiftV2_4,1469,0.0
Shift>1_4,1469,0.0
Shift>2_4,1469,0.0
Shift>3_4,1469,0.0
ShiftV1_3,1469,0.0
ShiftV2_3,1469,0.0
Shift>1_3,1469,1.0
Shift>2_3,1469,1.0
Shift>3_3,1469,0.0
ShiftV1_4,1470,0.0
ShiftV2_4,1470,0.0
Shift>1_4,1470,1.0
Shift>2_4,1470,0.0
Shift>3_4,1470,0.0
ShiftV1_3,1470,0.0
ShiftV2_3,1470,0.0
Shift>1_3,1470,1.0
Shift>2_3,1470,1.0
Shift>3_3,1470,0.0
ShiftV1_4,1499,0.0
ShiftV2_4,1499,0.0
Shift>1_4,1499,1.0
Shift>2_4,1499,0.0
Shift>3_4,1499,0.0
ShiftV1_3,1499,0.0
ShiftV2_3,1499,0.0
Shift>1_3,1499,1.0
Shift>2_3,1499,1.0
Shift>3_3,1499,0.0
ShiftV1_4,1500,0.0
ShiftV2_4,1500,0.0
Shift>1_4,1500,1.0
Shift>2_4,1500,1.0
Shift>3_4,1500,0.0
ShiftV1_3,1500,0.0
ShiftV2_3,1500,0.0
Shift>1_3,1500,1.0
Shift>2_3,1500,1.0
Shift>3_3,1500,0.0
ShiftV1_4,1529,0.0
ShiftV2_4,1529,0.0
Shift>1_4,1529,1.0
Shift>2_4,1529,1.0
Shift>3_4,1529,0.0
ShiftV1_3,1529,0.0
ShiftV2_3,1529,0.0
Shift>1_3,1529,1.0
Shift>2_3,1529,1.0
Shift>3_3,1529,0.0
ShiftV1_4,1530,0.0
ShiftV2_4,1530,0.0
Shift>1_4,1530,1.0
Shift>2_4,1530,1.0
Shift>3_4,1530,1.0
ShiftV1_3,1530,0.0
ShiftV2_3,1530,0.0
Shift>1_3,1530,1.0
Shift>2_3,1530,1.0
Shift>3_3,1530,0.0
ShiftV1_4,1559,0.0
ShiftV2_4,1559,0.0
Shift>1_4,1559,1.0
Shift>2_4,1559,1.0
Shift>3_4,1559,1.0
ShiftV1_3,1559,0.0
ShiftV2_3,1559,0.0
Shift>1_3,1559,1.0
Shift>2_3,1559,1.0
Shift>3_3,1559,0.0
ShiftV1_4,1560,0.0
ShiftV2_4,1560,0.0
Shift>1_4,1560,0.0
Shift>2_4,1560,0.0
Shift>3_4,1560,0.0
ShiftV1_3,1560,0.0
ShiftV2_3,1560,0.0
Shift>1_3,1560,1.0
Shift>2_3,1560,1.0
Shift>3_3,1560,1.0
ShiftV1_4,1589,0.0
ShiftV2_4,1589,0.0
Shift>1_4,1589,0.0
Shift>2_4,1589,0.0
Shift>3_4,1589,0.0
ShiftV1_3,1589,0.0
ShiftV2_3,1589,0.0
Shift>1_3,1589,1.0
Shift>2_3,1589,1.0
Shift>3_3,1589,1.0
ShiftV1_4,1590,0.0
ShiftV2_4,1590,0.0
Shift>1_4,1590,1.0
Shift>2_4,1590,0.0
Shift>3_4,1590,0.0
ShiftV1_3,1590,0.0
ShiftV2_3,1590,0.0
Shift>1_3,1590,1.0
Shift>2_3,1590,1.0
Shift>3_3,1590,1.0
ShiftV1_4,1619,0.0
ShiftV2_4,1619,0.0
Shift>1_4,1619,1.0
Shift>2_4,1619,0.0
Shift>3_4,1619,0.0
ShiftV1_3,1619,0.0
ShiftV2_3,1619,0.0
Shift>1_3,1619,1.0
Shift>2_3,1619,1.0
Shift>3_3,1619,1.0
ShiftV1_4,1620,0.0
ShiftV2_4,1620,0.0
Shift>1_4,1620,1.0
Shift>2_4,1620,1.0
Shift>3_4,1620,0.0
ShiftV1_3,1620,0.0
ShiftV2_3,1620,0.0
Shift>1_3,1620,1.0
Shift>2_3,1620,1.0
Shift>3_3,1620,1.0
ShiftV1_4,1649,0.0
ShiftV2_4,1649,0.0
Shift>1_4,1649,1.0
Shift>2_4,1649,1.0
Shift>3_4,1649,0.0
ShiftV1_3,1649,0.0
ShiftV2_3,1649,0.0
Shift>1_3,1649,1.0
Shift>2_3,1649,1.0
Shift>3_3,1649,1.0
ShiftV1_4,1650,0.0
ShiftV2_4,1650,0.0
Shift>1_4,1650,1.0
Shift>2_4,1650,1.0
Shift>3_4,1650,1.0
ShiftV1_3,1650,0.0
ShiftV2_3,1650,0.0
Shift>1_3,1650,1.0
Shift>2_3,1650,1.0
Shift>3_3,1650,1.0
ShiftV1_4,1679,0.0
ShiftV2_4,1679,0.0
Shift>1_4,1679,1.0
Shift>2_4,1679,1.0
Shift>3_4,1679,1.0
ShiftV1_3,1679,0.0
ShiftV2_3,1679,0.0
Shift>1_3,1679,1.0
Shift>2_3,1679,1.0
Shift>3_3,1679,1.0
ShiftV1_4,1680,0.0
ShiftV2_4,1680,0.0
Shift>1_4,1680,0.0
Shift>2_4,1680,0.0
Shift>3_4,1680,0.0
ShiftV1_3,1680,1.0
ShiftV2_3,1680,0.0
Shift>1_3,1680,0.0
Shift>2_3,1680,0.0
Shift>3_3,1680,0.0
ShiftV1_4,1709,0.0
ShiftV2_4,1709,0.0
Shift>1_4,1709,0.0
Shift>2_4,1709,0.0
Shift>3_4,1709,0.0
ShiftV1_3,1709,1.0
ShiftV2_3,1709,0.0
Shift>1_3,1709,0.0
Shift>2_3,1709,0.0
Shift>3_3,1709,0.0
ShiftV1_4,1710,0.0
ShiftV2_4,1710,0.0
Shift>1_4,1710,1.0
Shift>2_4,1710,0.0
Shift>3_4,1710,0.0
ShiftV1_3,1710,1.0
ShiftV2_3,1710,0.0
Shift>1_3,1710,0.0
Shift>2_3,1710,0.0
Shift>3_3,1710,0.0
ShiftV1_4,1739,0.0
ShiftV2_4,1739,0.0
Shift>1_4,1739,1.0
Shift>2_4,1739,0.0
Shift>3_4,1739,0.0
ShiftV1_3,1739,1.0
ShiftV2_3,1739,0.0
Shift>1_3,1739,0.0
Shift>2_3,1739,0.0
Shift>3_3,1739,0.0
ShiftV1_4,1740,0.0
ShiftV2_4,1740,0.0
Shift>1_4,1740,1.0
Shift>2_4,1740,1.0
Shift>3_4,1740,0.0
ShiftV1_3,1740,1.0
ShiftV2_3,1740,0.0
Shift>1_3,1740,0.0
Shift>2_3,1740,0.0
Shift>3_3,1740,0.0
ShiftV1_4,1769,0.0
ShiftV2_4,1769,0.0
Shift>1_4,1769,1.0
Shift>2_4,1769,1.0
Shift>3_4,1769,0.0
ShiftV1_3,1769,1.0
ShiftV2_3,1769,0.0
Shift>1_3,1769,0.0
Shift>2_3,1769,0.0
Shift>3_3,1769,0.0
ShiftV1_4,1770,0.0
ShiftV2_4,1770,0.0
Shift>1_4,1770,1.0
Shift>2_4,1770,1.0
Shift>3_4,1770,1.0
ShiftV1_3,1770,1.0
ShiftV2_3,1770,0.0
Shift>1_3,1770,0.0
Shift>2_3,1770,0.0
Shift>3_3,1770,0.0
ShiftV1_4,1799,0.0
ShiftV2_4,1799,0.0
Shift>1_4,1799,1.0
Shift>2_4,1799,1.0
Shift>3_4,1799,1.0
ShiftV1_3,1799,1.0
ShiftV2_3,1799,0.0
Shift>1_3,1799,0.0
Shift>2_3,1799,0.0
Shift>3_3,1799,0.0
ShiftV1_4,1800,0.0
ShiftV2_4,1800,0.0
Shift>1_4,1800,0.0
Shift>2_4,1800,0.0
Shift>3_4,1800,0.0
ShiftV1_3,1800,1.0
ShiftV2_3,1800,0.0
Shift>1_3,1800,1.0
Shift>2_3,1800,0.0
Shift>3_3,1800,0.0
ShiftV1_4,1829,0.0
ShiftV2_4,1829,0.0
Shift>1_4,1829,0.0
Shift>2_4,1829,0.0
Shift>3_4,1829,0.0
ShiftV1_3,1829,1.0
ShiftV2_3,1829,0.0
Shift>1_3,1829,1.0
Shift>2_3,1829,0.0
Shift>3_3,1829,0.0
ShiftV1_4,1830,0.0
ShiftV2_4,1830,0.0
Shift>1_4,1830,1.0
Shift>2_4,1830,0.0
Shift>3_4,1830,0.0
ShiftV1_3,1830,1.0
ShiftV2_3,1830,0.0
Shift>1_3,1830,1.0
Shift>2_3,1830,0.0
Shift>3_3,1830,0.0
ShiftV1_4,1859,0.0
ShiftV2_4,1859,0.0
Shift>1_4,1859,1.0
Shift>2_4,1859,0.0
Shift>3_4,1859,0.0
ShiftV1_3,1859,1.0
ShiftV2_3,1859,0.0
Shift>1_3,1859,1.0
Shift>2_3,1859,0.0
Shift>3_3,1859,0.0
ShiftV1_4,1860,0.0
ShiftV2_4,1860,0.0
Shift>1_4,1860,1.0
Shift>2_4,1860,1.0
Shift>3_4,1860,0.0
ShiftV1_3,1860,1.0
ShiftV2_3,1860,0.0
Shift>1_3,1860,1.0
Shift>2_3,1860,0.0
Shift>3_3,1860,0.0
ShiftV1_4,1889,0.0
ShiftV2_4,1889,0.0
Shift>1_4,1889,1.0
Shift>2_4,1889,1.0
Shift>3_4,1889,0.0
ShiftV1_3,1889,1.0
ShiftV2_3,1889,0.0
Shift>1_3,1889,1.0
Shift>2_3,1889,0.0
Shift>3_3,1889,0.0
ShiftV1_4,1890,0.0
ShiftV2_4,1890,0.0
Shift>1_4,1890,1.0
Shift>2_4,1890,1.0
Shift>3_4,1890,1.0
ShiftV1_3,1890,1.0
ShiftV2_3,1890,0.0
Shift>1_3,1890,1.0
Shift>2_3,1890,0.0
Shift>3_3,1890,0.0
ShiftV1_4,1919,0.0
ShiftV2_4,1919,0.0
Shift>1_4,1919,1.0
Shift>2_4,1919,1.0
Shift>3_4,1919,1.0
ShiftV1_3,1919,1.0
ShiftV2_3,1919,0.0
Shift>1_3,1919,1.0
Shift>2_3,1919,0.0
Shift>3_3,1919,0.0
ShiftV1_4,1920,0.0
ShiftV2_4,1920,0.0
Shift>1_4,1920,0.0
Shift>2_4,1920,0.0
Shift>3_4,1920,0.0
ShiftV1_3,1920,1.0
ShiftV2_3,1920,0.0
Shift>1_3,1920,1.0
Shift>2_3,1920,1.0
Shift>3_3,1920,0.0
ShiftV1_4,1949,0.0
ShiftV2_4,1949,0.0
Shift>1_4,1949,0.0
Shift>2_4,1949,0.0
Shift>3_4,1949,0.0
ShiftV1_3,1949,1.0
ShiftV2_3,1949,0.0
Shift>1_3,1949,1.0
Shift>2_3,1949,1.0
Shift>3_3,1949,0.0
ShiftV1_4,1950,0.0
ShiftV2_4,1950,0.0
Shift>1_4,1950,1.0
Shift>2_4,1950,0.0
Shift>3_4,1950,0.0
ShiftV1_3,1950,1.0
ShiftV2_3,1950,0.0
Shift>1_3,1950,1.0
Shift>2_3,1950,1.0
Shift>3_3,1950,0.0
ShiftV1_4,1979,0.0
ShiftV2_4,1979,0.0
Shift>1_4,1979,1.0
Shift>2_4,1979,0.0
Shift>3_4,1979,0.0
ShiftV1_3,1979,1.0
ShiftV2_3,1979,0.0
Shift>1_3,1979,1.0
Shift>2_3,1979,1.0
Shift>3_3,1979,0.0
ShiftV1_4,1980,0.0
ShiftV2_4,1980,0.0
Shift>1_4,1980,1.0
Shift>2_4,1980,1.0
Shift>3_4,1980,0.0
ShiftV1_3,1980,1.0
ShiftV2_3,1980,0.0
Shift>1_3,1980,1.0
Shift>2_3,1980,1.0
Shift>3_3,1980,0.0
ShiftV1_4,2009,0.0
ShiftV2_4,2009,0.0
Shift>1_4,2009,1.0
Shift>2_4,2009,1.0
Shift>3_4,2009,0.0
ShiftV1_3,2009,1.0
ShiftV2_3,2009,0.0
Shift>1_3,2009,1.0
Shift>2_3,2009,1.0
Shift>3_3,2009,0.0
ShiftV1_4,2010,0.0
ShiftV2_4,2010,0.0
Shift>1_4,2010,1.0
Shift>2_4,2010,1.0
Shift>3_4,2010,1.0
ShiftV1_3,2010,1.0
ShiftV2_3,2010,0.0
Shift>1_3,2010,1.0
Shift>2_3,2010,1.0
Shift>3_3,2010,0.0
ShiftV1_4,2039,0.0
ShiftV2_4,2039,0.0
Shift>1_4,2039,1.0
Shift>2_4,2039,1.0
Shift>3_4,2039,1.0
ShiftV1_3,2039,1.0
ShiftV2_3,2039,0.0
Shift>1_3,2039,1.0
Shift>2_3,2039,1.0
Shift>3_3,2039,0.0
ShiftV1_4,2040,0.0
ShiftV2_4,2040,0.0
Shift>1_4,2040,0.0
Shift>2_4,2040,0.0
Shift>3_4,2040,0.0
ShiftV1_3,2040,1.0
ShiftV2_3,2040,0.0
Shift>1_3,2040,1.0
Shift>2_3,2040,1.0
Shift>3_3,2040,1.0
ShiftV1_4,2069,0.0
ShiftV2_4,2069,0.0
Shift>1_4,2069,0.0
Shift>2_4,2069,0.0
Shift>3_4,2069,0.0
ShiftV1_3,2069,1.0
ShiftV2_3,2069,0.0
Shift>1_3,2069,1.0
Shift>2_3,2069,1.0
Shift>3_3,2069,1.0
ShiftV1_4,2070,0.0
ShiftV2_4,2070,0.0
Shift>1_4,2070,1.0
Shift>2_4,2070,0.0
Shift>3_4,2070,0.0
ShiftV1_3,2070,1.0
ShiftV2_3,2070,0.0
Shift>1_3,2070,1.0
Shift>2_3,2070,1.0
Shift>3_3,2070,1.0
ShiftV1_4,2099,0.0
ShiftV2_4,2099,0.0
Shift>1_4,2099,1.0
Shift>2_4,2099,0.0
Shift>3_4,2099,0.0
ShiftV1_3,2099,1.0
ShiftV2_3,2099,0.0
Shift>1_3,2099,1.0
Shift>2_3,2099,1.0
Shift>3_3,2099,1.0
ShiftV1_4,2100,0.0
ShiftV2_4,2100,0.0
Shift>1_4,2100,1.0
Shift>2_4,2100,1.0
Shift>3_4,2100,0.0
ShiftV1_3,2100,1.0
ShiftV2_3,2100,0.0
Shift>1_3,2100,1.0
Shift>2_3,2100,1.0
Shift>3_3,2100,1.0
ShiftV1_4,2129,0.0
ShiftV2_4,2129,0.0
Shift>1_4,2129,1.0
Shift>2_4,2129,1.0
Shift>3_4,2129,0.0
ShiftV1_3,2129,1.0
ShiftV2_3,2129,0.0
Shift>1_3,2129,1.0
Shift>2_3,2129,1.0
Shift>3_3,2129,1.0
ShiftV1_4,2130,0.0
ShiftV2_4,2130,0.0
Shift>1_4,2130,1.0
Shift>2_4,2130,1.0
Shift>3_4,2130,1.0
ShiftV1_3,2130,1.0
ShiftV2_3,2130,0.0
Shift>1_3,2130,1.0
Shift>2_3,2130,1.0
Shift>3_3,2130,1.0
ShiftV1_4,2159,0.0
ShiftV2_4,2159,0.0
Shift>1_4,2159,1.0
Shift>2_4,2159,1.0
Shift>3_4,2159,1.0
ShiftV1_3,2159,1.0
ShiftV2_3,2159,0.0
Shift>1_3,2159,1.0
Shift>2_3,2159,1.0
Shift>3_3,2159,1.0
ShiftV1_4,2160,0.0
ShiftV2_4,2160,0.0
Shift>1_4,2160,0.0
Shift>2_4,2160,0.0
Shift>3_4,2160,0.0
ShiftV1_3,2160,1.0
ShiftV2_3,2160,1.0
Shift>1_3,2160,0.0
Shift>2_3,2160,0.0
Shift>3_3,2160,0.0
ShiftV1_4,2189,0.0
ShiftV2_4,2189,0.0
Shift>1_4,2189,0.0
Shift>2_4,2189,0.0
Shift>3_4,2189,0.0
ShiftV1_3,2189,1.0
ShiftV2_3,2189,1.0
Shift>1_3,2189,0.0
Shift>2_3,2189,0.0
Shift>3_3,2189,0.0
ShiftV1_4,2190,0.0
ShiftV2_4,2190,0.0
Shift>1_4,2190,1.0
Shift>2_4,2190,0.0
Shift>3_4,2190,0.0
ShiftV1_3,2190,1.0
ShiftV2_3,2190,1.0
Shift>1_3,2190,0.0
Shift>2_3,2190,0.0
Shift>3_3,2190,0.0
ShiftV1_4,2219,0.0
ShiftV2_4,2219,0.0
Shift>1_4,2219,1.0
Shift>2_4,2219,0.0
Shift>3_4,2219,0.0
ShiftV1_3,2219,1.0
ShiftV2_3,2219,1.0
Shift>1_3,2219,0.0
Shift>2_3,2219,0.0
Shift>3_3,2219,0.0
ShiftV1_4,2220,0.0
ShiftV2_4,2220,0.0
Shift>1_4,2220,1.0
Shift>2_4,2220,1.0
Shift>3_4,2220,0.0
ShiftV1_3,2220,1.0
ShiftV2_3,2220,1.0
Shift>1_3,2220,0.0
Shift>2_3,2220,0.0
Shift>3_3,2220,0.0
ShiftV1_4,2249,0.0
ShiftV2_4,2249,0.0
Shift>1_4,2249,1.0
Shift>2_4,2249,1.0
Shift>3_4,2249,0.0
ShiftV1_3,2249,1.0
ShiftV2_3,2249,1.0
Shift>1_3,2249,0.0
Shift>2_3,2249,0.0
Shift>3_3,2249,0.0
ShiftV1_4,2250,0.0
ShiftV2_4,2250,0.0
Shift>1_4,2250,1.0
Shift>2_4,2250,1.0
Shift>3_4,2250,1.0
ShiftV1_3,2250,1.0
ShiftV2_3,2250,1.0
Shift>1_3,2250,0.0
Shift>2_3,2250,0.0
Shift>3_3,2250,0.0
ShiftV1_4,2279,0.0
ShiftV2_4,2279,0.0
Shift>1_4,2279,1.0
Shift>2_4,2279,1.0
Shift>3_4,2279,1.0
ShiftV1_3,2279,1.0
ShiftV2_3,2279,1.0
Shift>1_3,2279,0.0
Shift>2_3,2279,0.0
Shift>3_3,2279,0.0
ShiftV1_2,2279,0.0
ShiftV2_2,2279,0.0
Shift>1_2,2279,1.0
Shift>2_2,2279,0.0
Shift>3_2,2279,0.0
ShiftV1_4,2280,0.0
ShiftV2_4,2280,0.0
Shift>1_4,2280,0.0
Shift>2_4,2280,0.0
Shift>3_4,2280,0.0
ShiftV1_3,2280,1.0
ShiftV2_3,2280,1.0
Shift>1_3,2280,1.0
Shift>2_3,2280,0.0
Shift>3_3,2280,0.0
ShiftV1_2,2280,0.0
ShiftV2_2,2280,0.0
Shift>1_2,2280,1.0
Shift>2_2,2280,1.0
Shift>3_2,2280,0.0
ShiftV1_4,2309,0.0
ShiftV2_4,2309,0.0
Shift>1_4,2309,0.0
Shift>2_4,2309,0.0
Shift>3_4,2309,0.0
ShiftV1_3,2309,1.0
ShiftV2_3,2309,1.0
Shift>1_3,2309,1.0
Shift>2_3,2309,0.0
Shift>3_3,2309,0.0
ShiftV1_4,2310,0.0
ShiftV2_4,2310,0.0
Shift>1_4,2310,1.0
Shift>2_4,2310,0.0
Shift>3_4,2310,0.0
ShiftV1_3,2310,1.0
ShiftV2_3,2310,1.0
Shift>1_3,2310,1.0
Shift>2_3,2310,0.0
Shift>3_3,2310,0.0
ShiftV1_4,2339,0.0
ShiftV2_4,2339,0.0
Shift>1_4,2339,1.0
Shift>2_4,2339,0.0
Shift>3_4,2339,0.0
ShiftV1_3,2339,1.0
ShiftV2_3,2339,1.0
Shift>1_3,2339,1.0
Shift>2_3,2339,0.0
Shift>3_3,2339,0.0
ShiftV1_4,2340,0.0
ShiftV2_4,2340,0.0
Shift>1_4,2340,1.0
Shift>2_4,2340,1.0
Shift>3_4,2340,0.0
ShiftV1_3,2340,1.0
ShiftV2_3,2340,1.0
Shift>1_3,2340,1.0
Shift>2_3,2340,0.0
Shift>3_3,2340,0.0
ShiftV1_4,2369,0.0
ShiftV2_4,2369,0.0
Shift>1_4,2369,1.0
Shift>2_4,2369,1.0
Shift>3_4,2369,0.0
ShiftV1_3,2369,1.0
ShiftV2_3,2369,1.0
Shift>1_3,2369,1.0
Shift>2_3,2369,0.0
Shift>3_3,2369,0.0
ShiftV1_4,2370,0.0
ShiftV2_4,2370,0.0
Shift>1_4,2370,1.0
Shift>2_4,2370,1.0
Shift>3_4,2370,1.0
ShiftV1_3,2370,1.0
ShiftV2_3,2370,1.0
Shift>1_3,2370,1.0
Shift>2_3,2370,0.0
Shift>3_3,2370,0.0
ShiftV1_4,2399,0.0
ShiftV2_4,2399,0.0
Shift>1_4,2399,1.0
Shift>2_4,2399,1.0
Shift>3_4,2399,1.0
ShiftV1_3,2399,1.0
ShiftV2_3,2399,1.0
Shift>1_3,2399,1.0
Shift>2_3,2399,0.0
Shift>3_3,2399,0.0
ShiftV1_4,2400,0.0
ShiftV2_4,2400,0.0
Shift>1_4,2400,0.0
Shift>2_4,2400,0.0
Shift>3_4,2400,0.0
ShiftV1_3,2400,0.0
ShiftV2_3,2400,0.0
Shift>1_3,2400,0.0
Shift>2_3,2400,0.0
Shift>3_3,2400,0.0
ShiftV1_4,2429,0.0
ShiftV2_4,2429,0.0
Shift>1_4,2429,0.0
Shift>2_4,2429,0.0
Shift>3_4,2429,0.0
ShiftV1_3,2429,0.0
ShiftV2_3,2429,0.0
Shift>1_3,2429,0.0
Shift>2_3,2429,0.0
Shift>3_3,2429,0.0
ShiftV1_4,2430,0.0
ShiftV2_4,2430,0.0
Shift>1_4,2430,1.0
Shift>2_4,2430,0.0
Shift>3_4,2430,0.0
ShiftV1_3,2430,0.0
ShiftV2_3,2430,0.0
Shift>1_3,2430,0.0
Shift>2_3,2430,0.0
Shift>3_3,2430,0.0
ShiftV1_4,2459,0.0
ShiftV2_4,2459,0.0
Shift>1_4,2459,1.0
Shift>2_4,2459,0.0
Shift>3_4,2459,0.0
ShiftV1_3,2459,0.0
ShiftV2_3,2459,0.0
Shift>1_3,2459,0.0
Shift>2_3,2459,0.0
Shift>3_3,2459,0.0
ShiftV1_4,2460,0.0
ShiftV2_4,2460,0.0
Shift>1_4,2460,1.0
Shift>2_4,2460,1.0
Shift>3_4,2460,0.0
ShiftV1_3,2460,0.0
ShiftV2_3,2460,0.0
Shift>1_3,2460,0.0
Shift>2_3,2460,0.0
Shift>3_3,2460,0.0
ShiftV1_4,2489,0.0
ShiftV2_4,2489,0.0
Shift>1_4,2489,1.0
Shift>2_4,2489,1.0
Shift>3_4,2489,0.0
ShiftV1_3,2489,0.0
ShiftV2_3,2489,0.0
Shift>1_3,2489,0.0
Shift>2_3,2489,0.0
Shift>3_3,2489,0.0
ShiftV1_4,2490,0.0
ShiftV2_4,2490,0.0
Shift>1_4,2490,1.0
Shift>2_4,2490,1.0
Shift>3_4,2490,1.0
ShiftV1_3,2490,0.0
ShiftV2_3,2490,0.0
Shift>1_3,2490,0.0
Shift>2_3,2490,0.0
Shift>3_3,2490,0.0
ShiftV1_4,2519,0.0
ShiftV2_4,2519,0.0
Shift>1_4,2519,1.0
Shift>2_4,2519,1.0
Shift>3_4,2519,1.0
ShiftV1_3,2519,0.0
ShiftV2_3,2519,0.0
Shift>1_3,2519,0.0
Shift>2_3,2519,0.0
Shift>3_3,2519,0.0
ShiftV1_4,2520,0.0
ShiftV2_4,2520,0.0
Shift>1_4,2520,0.0
Shift>2_4,2520,0.0
Shift>3_4,2520,0.0
ShiftV1_3,2520,0.0
ShiftV2_3,2520,0.0
Shift>1_3,2520,1.0
Shift>2_3,2520,0.0
Shift>3_3,2520,0.0
ShiftV1_4,2549,0.0
ShiftV2_4,2549,0.0
Shift>1_4,2549,0.0
Shift>2_4,2549,0.0
Shift>3_4,2549,0.0
ShiftV1_3,2549,0.0
ShiftV2_3,2549,0.0
Shift>1_3,2549,1.0
Shift>2_3,2549,0.0
Shift>3_3,2549,0.0
ShiftV1_4,2550,0.0
ShiftV2_4,2550,0.0
Shift>1_4,2550,1.0
Shift>2_4,2550,0.0
Shift>3_4,2550,0.0
ShiftV1_3,2550,0.0
ShiftV2_3,2550,0.0
Shift>1_3,2550,1.0
Shift>2_3,2550,0.0
Shift>3_3,2550,0.0
ShiftV1_4,2579,0.0
ShiftV2_4,2579,0.0
Shift>1_4,2579,1.0
Shift>2_4,2579,0.0
Shift>3_4,2579,0.0
ShiftV1_3,2579,0.0
ShiftV2_3,2579,0.0
Shift>1_3,2579,1.0
Shift>2_3,2579,0.0
Shift>3_3,2579,0.0
ShiftV1_4,2580,0.0
ShiftV2_4,2580,0.0
Shift>1_4,2580,1.0
Shift>2_4,2580,1.0
Shift>3_4,2580,0.0
ShiftV1_3,2580,0.0
ShiftV2_3,2580,0.0
Shift>1_3,2580,1.0
Shift>2_3,2580,0.0
Shift>3_3,2580,0.0
ShiftV1_4,2609,0.0
ShiftV2_4,2609,0.0
Shift>1_4,2609,1.0
Shift>2_4,2609,1.0
Shift>3_4,2609,0.0
ShiftV1_3,2609,0.0
ShiftV2_3,2609,0.0
Shift>1_3,2609,1.0
Shift>2_3,2609,0.0
Shift>3_3,2609,0.0
ShiftV1_4,2610,0.0
ShiftV2_4,2610,0.0
Shift>1_4,2610,1.0
Shift>2_4,2610,1.0
Shift>3_4,2610,1.0
ShiftV1_3,2610,0.0
ShiftV2_3,2610,0.0
Shift>1_3,2610,1.0
Shift>2_3,2610,0.0
Shift>3_3,2610,0.0
ShiftV1_4,2639,0.0
ShiftV2_4,2639,0.0
Shift>1_4,2639,1.0
Shift>2_4,2639,1.0
Shift>3_4,2639,1.0
ShiftV1_3,2639,0.0
ShiftV2_3,2639,0.0
Shift>1_3,2639,1.0
Shift>2_3,2639,0.0
Shift>3_3,2639,0.0
ShiftV1_4,2640,0.0
ShiftV2_4,2640,0.0
Shift>1_4,2640,0.0
Shift>2_4,2640,0.0
Shift>3_4,2640,0.0
ShiftV1_3,2640,0.0
ShiftV2_3,2640,0.0
Shift>1_3,2640,1.0
Shift>2_3,2640,1.0
Shift>3_3,2640,0.0
ShiftV1_4,2669,0.0
ShiftV2_4,2669,0.0
Shift>1_4,2669,0.0
Shift>2_4,2669,0.0
Shift>3_4,2669,0.0
ShiftV1_3,2669,0.0
ShiftV2_3,2669,0.0
Shift>1_3,2669,1.0
Shift>2_3,2669,1.0
Shift>3_3,2669,0.0
ShiftV1_4,2670,0.0
ShiftV2_4,2670,0.0
Shift>1_4,2670,1.0
Shift>2_4,2670,0.0
Shift>3_4,2670,0.0
ShiftV1_3,2670,0.0
ShiftV2_3,2670,0.0
Shift>1_3,2670,1.0
Shift>2_3,2670,1.0
Shift>3_3,2670,0.0
ShiftV1_4,2699,0.0
ShiftV2_4,2699,0.0
Shift>1_4,2699,1.0
Shift>2_4,2699,0.0
Shift>3_4,2699,0.0
ShiftV1_3,2699,0.0
ShiftV2_3,2699,0.0
Shift>1_3,2699,1.0
Shift>2_3,2699,1.0
Shift>3_3,2699,0.0
ShiftV1_4,2700,0.0
ShiftV2_4,2700,0.0
Shift>1_4,2700,1.0
Shift>2_4,2700,1.0
Shift>3_4,2700,0.0
ShiftV1_3,2700,0.0
ShiftV2_3,2700,0.0
Shift>1_3,2700,1.0
Shift>2_3,2700,1.0
Shift>3_3,2700,0.0
ShiftV1_4,2729,0.0
ShiftV2_4,2729,0.0
Shift>1_4,2729,1.0
Shift>2_4,2729,1.0
Shift>3_4,2729,0.0
ShiftV1_3,2729,0.0
ShiftV2_3,2729,0.0
Shift>1_3,2729,1.0
Shift>2_3,2729,1.0
Shift>3_3,2729,0.0
ShiftV1_4,2730,0.0
ShiftV2_4,2730,0.0
Shift>1_4,2730,1.0
Shift>2_4,2730,1.0
Shift>3_4,2730,1.0
ShiftV1_3,2730,0.0
ShiftV2_3,2730,0.0
Shift>1_3,2730,1.0
Shift>2_3,2730,1.0
Shift>3_3,2730,0.0
ShiftV1_4,2759,0.0
ShiftV2_4,2759,0.0
Shift>1_4,2759,1.0
Shift>2_4,2759,1.0
Shift>3_4,2759,1.0
ShiftV1_3,2759,0.0
ShiftV2_3,2759,0.0
Shift>1_3,2759,1.0
Shift>2_3,2759,1.0
Shift>3_3,2759,0.0
ShiftV1_4,2760,0.0
ShiftV2_4,2760,0.0
Shift>1_4,2760,0.0
Shift>2_4,2760,0.0
Shift>3_4,2760,0.0
ShiftV1_3,2760,0.0
ShiftV2_3,2760,0.0
Shift>1_3,2760,1.0
Shift>2_3,2760,1.0
Shift>3_3,2760,1.0
ShiftV1_4,2789,0.0
ShiftV2_4,2789,0.0
Shift>1_4,2789,0.0
Shift>2_4,2789,0.0
Shift>3_4,2789,0.0
ShiftV1_3,2789,0.0
ShiftV2_3,2789,0.0
Shift>1_3,2789,1.0
Shift>2_3,2789,1.0
Shift>3_3,2789,1.0
ShiftV1_4,2790,0.0
ShiftV2_4,2790,0.0
Shift>1_4,2790,1.0
Shift>2_4,2790,0.0
Shift>3_4,2790,0.0
ShiftV1_3,2790,0.0
ShiftV2_3,2790,0.0
Shift>1_3,2790,1.0
Shift>2_3,2790,1.0
Shift>3_3,2790,1.0
ShiftV1_4,2819,0.0
ShiftV2_4,2819,0.0
Shift>1_4,2819,1.0
Shift>2_4,2819,0.0
Shift>3_4,2819,0.0
ShiftV1_3,2819,0.0
ShiftV2_3,2819,0.0
Shift>1_3,2819,1.0
Shift>2_3,2819,1.0
Shift>3_3,2819,1.0
ShiftV1_4,2820,0.0
ShiftV2_4,2820,0.0
Shift>1_4,2820,1.0
Shift>2_4,2820,1.0
Shift>3_4,2820,0.0
ShiftV1_3,2820,0.0
ShiftV2_3,2820,0.0
Shift>1_3,2820,1.0
Shift>2_3,2820,1.0
Shift>3_3,2820,1.0
ShiftV1_4,2849,0.0
ShiftV2_4,2849,0.0
Shift>1_4,2849,1.0
Shift>2_4,2849,1.0
Shift>3_4,2849,0.0
ShiftV1_3,2849,0.0
ShiftV2_3,2849,0.0
Shift>1_3,2849,1.0
Shift>2_3,2849,1.0
Shift>3_3,2849,1.0
ShiftV1_4,2850,0.0
ShiftV2_4,2850,0.0
Shift>1_4,2850,1.0
Shift>2_4,2850,1.0
Shift>3_4,2850,1.0
ShiftV1_3,2850,0.0
ShiftV2_3,2850,0.0
Shift>1_3,2850,1.0
Shift>2_3,2850,1.0
Shift>3_3,2850,1.0
ShiftV1_4,2879,0.0
ShiftV2_4,2879,0.0
Shift>1_4,2879,1.0
Shift>2_4,2879,1.0
Shift>3_4,2879,1.0
ShiftV1_3,2879,0.0
ShiftV2_3,2879,0.0
Shift>1_3,2879,1.0
Shift>2_3,2879,1.0
Shift>3_3,2879,1.0
ShiftV1_4,2880,0.0
ShiftV2_4,2880,0.0
Shift>1_4,2880,0.0
Shift>2_4,2880,0.0
Shift>3_4,2880,0.0
ShiftV1_3,2880,1.0
ShiftV2_3,2880,0.0
Shift>1_3,2880,0.0
Shift>2_3,2880,0.0
Shift>3_3,2880,0.0
ShiftV1_4,2909,0.0
ShiftV2_4,2909,0.0
Shift>1_4,2909,0.0
Shift>2_4,2909,0.0
Shift>3_4,2909,0.0
ShiftV1_3,2909,1.0
ShiftV2_3,2909,0.0
Shift>1_3,2909,0.0
Shift>2_3,2909,0.0
Shift>3_3,2909,0.0
ShiftV1_4,2910,0.0
ShiftV2_4,2910,0.0
Shift>1_4,2910,1.0
Shift>2_4,2910,0.0
Shift>3_4,2910,0.0
ShiftV1_3,2910,1.0
ShiftV2_3,2910,0.0
Shift>1_3,2910,0.0
Shift>2_3,2910,0.0
Shift>3_3,2910,0.0
ShiftV1_4,2939,0.0
ShiftV2_4,2939,0.0
Shift>1_4,2939,1.0
Shift>2_4,2939,0.0
Shift>3_4,2939,0.0
ShiftV1_3,2939,1.0
ShiftV2_3,2939,0.0
Shift>1_3,2939,0.0
Shift>2_3,2939,0.0
Shift>3_3,2939,0.0
ShiftV1_4,2940,0.0
ShiftV2_4,2940,0.0
Shift>1_4,2940,1.0
Shift>2_4,2940,1.0
Shift>3_4,2940,0.0
ShiftV1_3,2940,1.0
ShiftV2_3,2940,0.0
Shift>1_3,2940,0.0
Shift>2_3,2940,0.0
Shift>3_3,2940,0.0
ShiftV1_4,2969,0.0
ShiftV2_4,2969,0.0
Shift>1_4,2969,1.0
Shift>2_4,2969,1.0
Shift>3_4,2969,0.0
ShiftV1_3,2969,1.0
ShiftV2_3,2969,0.0
Shift>1_3,2969,0.0
Shift>2_3,2969,0.0
Shift>3_3,2969,0.0
ShiftV1_4,2970,0.0
ShiftV2_4,2970,0.0
Shift>1_4,2970,1.0
Shift>2_4,2970,1.0
Shift>3_4,2970,1.0
ShiftV1_3,2970,1.0
ShiftV2_3,2970,0.0
Shift>1_3,2970,0.0
Shift>2_3,2970,0.0
Shift>3_3,2970,0.0
ShiftV1_4,2999,0.0
ShiftV2_4,2999,0.0
Shift>1_4,2999,1.0
Shift>2_4,2999,1.0
Shift>3_4,2999,1.0
ShiftV1_3,2999,1.0
ShiftV2_3,2999,0.0
Shift>1_3,2999,0.0
Shift>2_3,2999,0.0
Shift>3_3,2999,0.0
ShiftV1_4,3000,0.0
ShiftV2_4,3000,0.0
Shift>1_4,3000,0.0
Shift>2_4,3000,0.0
Shift>3_4,3000,0.0
ShiftV1_3,3000,1.0
ShiftV2_3,3000,0.0
Shift>1_3,3000,1.0
Shift>2_3,3000,0.0
Shift>3_3,3000,0.0
ShiftV1_4,3029,0.0
ShiftV2_4,3029,0.0
Shift>1_4,3029,0.0
Shift>2_4,3029,0.0
Shift>3_4,3029,0.0
ShiftV1_3,3029,1.0
ShiftV2_3,3029,0.0
Shift>1_3,3029,1.0
Shift>2_3,3029,0.0
Shift>3_3,3029,0.0
ShiftV1_4,3030,0.0
ShiftV2_4,3030,0.0
Shift>1_4,3030,1.0
Shift>2_4,3030,0.0
Shift>3_4,3030,0.0
ShiftV1_3,3030,1.0
ShiftV2_3,3030,0.0
Shift>1_3,3030,1.0
Shift>2_3,3030,0.0
Shift>3_3,3030,0.0
ShiftV1_4,3059,0.0
ShiftV2_4,3059,0.0
Shift>1_4,3059,1.0
Shift>2_4,3059,0.0
Shift>3_4,3059,0.0
ShiftV1_3,3059,1.0
ShiftV2_3,3059,0.0
Shift>1_3,3059,1.0
Shift>2_3,3059,0.0
Shift>3_3,3059,0.0
ShiftV1_4,3060,0.0
ShiftV2_4,3060,0.0
Shift>1_4,3060,1.0
Shift>2_4,3060,1.0
Shift>3_4,3060,0.0
ShiftV1_3,3060,1.0
ShiftV2_3,3060,0.0
Shift>1_3,3060,1.0
Shift>2_3,3060,0.0
Shift>3_3,3060,0.0
ShiftV1_4,3089,0.0
ShiftV2_4,3089,0.0
Shift>1_4,3089,1.0
Shift>2_4,3089,1.0
Shift>3_4,3089,0.0
ShiftV1_3,3089,1.0
ShiftV2_3,3089,0.0
Shift>1_3,3089,1.0
Shift>2_3,3089,0.0
Shift>3_3,3089,0.0
ShiftV1_4,3090,0.0
ShiftV2_4,3090,0.0
Shift>1_4,3090,1.0
Shift>2_4,3090,1.0
Shift>3_4,3090,1.0
ShiftV1_3,3090,1.0
ShiftV2_3,3090,0.0
Shift>1_3,3090,1.0
Shift>2_3,3090,0.0
Shift>3_3,3090,0.0
ShiftV1_4,3119,0.0
ShiftV2_4,3119,0.0
Shift>1_4,3119,1.0
Shift>2_4,3119,1.0
Shift>3_4,3119,1.0
ShiftV1_3,3119,1.0
ShiftV2_3,3119,0.0
Shift>1_3,3119,1.0
Shift>2_3,3119,0.0
Shift>3_3,3119,0.0
ShiftV1_4,3120,0.0
ShiftV2_4,3120,0.0
Shift>1_4,3120,0.0
Shift>2_4,3120,0.0
Shift>3_4,3120,0.0
ShiftV1_3,3120,1.0
ShiftV2_3,3120,0.0
Shift>1_3,3120,1.0
Shift>2_3,3120,1.0
Shift>3_3,3120,0.0
ShiftV1_4,3149,0.0
ShiftV2_4,3149,0.0
Shift>1_4,3149,0.0
Shift>2_4,3149,0.0
Shift>3_4,3149,0.0
ShiftV1_3,3149,1.0
ShiftV2_3,3149,0.0
Shift>1_3,3149,1.0
Shift>2_3,3149,1.0
Shift>3_3,3149,0.0
ShiftV1_4,3150,0.0
ShiftV2_4,3150,0.0
Shift>1_4,3150,1.0
Shift>2_4,3150,0.0
Shift>3_4,3150,0.0
ShiftV1_3,3150,1.0
ShiftV2_3,3150,0.0
Shift>1_3,3150,1.0
Shift>2_3,3150,1.0
Shift>3_3,3150,0.0
ShiftV1_4,3179,0.0
ShiftV2_4,3179,0.0
Shift>1_4,3179,1.0
Shift>2_4,3179,0.0
Shift>3_4,3179,0.0
ShiftV1_3,3179,1.0
ShiftV2_3,3179,0.0
Shift>1_3,3179,1.0
Shift>2_3,3179,1.0
Shift>3_3,3179,0.0
ShiftV1_4,3180,0.0
ShiftV2_4,3180,0.0
Shift>1_4,3180,1.0
Shift>2_4,3180,1.0
Shift>3_4,3180,0.0
ShiftV1_3,3180,1.0
ShiftV2_3,3180,0.0
Shift>1_3,3180,1.0
Shift>2_3,3180,1.0
Shift>3_3,3180,0.0
ShiftV1_4,3209,0.0
ShiftV2_4,3209,0.0
Shift>1_4,3209,1.0
Shift>2_4,3209,1.0
Shift>3_4,3209,0.0
ShiftV1_3,3209,1.0
ShiftV2_3,3209,0.0
Shift>1_3,3209,1.0
Shift>2_3,3209,1.0
Shift>3_3,3209,0.0
ShiftV1_4,3210,0.0
ShiftV2_4,3210,0.0
Shift>1_4,3210,1.0
Shift>2_4,3210,1.0
Shift>3_4,3210,1.0
ShiftV1_3,3210,1.0
ShiftV2_3,3210,0.0
Shift>1_3,3210,1.0
Shift>2_3,3210,1.0
Shift>3_3,3210,0.0
ShiftV1_4,3239,0.0
ShiftV2_4,3239,0.0
Shift>1_4,3239,1.0
Shift>2_4,3239,1.0
Shift>3_4,3239,1.0
ShiftV1_3,3239,1.0
ShiftV2_3,3239,0.0
Shift>1_3,3239,1.0
Shift>2_3,3239,1.0
Shift>3_3,3239,0.0
ShiftV1_4,3240,0.0
ShiftV2_4,3240,0.0
Shift>1_4,3240,0.0
Shift>2_4,3240,0.0
Shift>3_4,3240,0.0
ShiftV1_3,3240,1.0
ShiftV2_3,3240,0.0
Shift>1_3,3240,1.0
Shift>2_3,3240,1.0
Shift>3_3,3240,1.0
ShiftV1_4,3269,0.0
ShiftV2_4,3269,0.0
Shift>1_4,3269,0.0
Shift>2_4,3269,0.0
Shift>3_4,3269,0.0
ShiftV1_3,3269,1.0
ShiftV2_3,3269,0.0
Shift>1_3,3269,1.0
Shift>2_3,3269,1.0
Shift>3_3,3269,1.0
ShiftV1_4,3270,0.0
ShiftV2_4,3270,0.0
Shift>1_4,3270,1.0
Shift>2_4,3270,0.0
Shift>3_4,3270,0.0
ShiftV1_3,3270,1.0
ShiftV2_3,3270,0.0
Shift>1_3,3270,1.0
Shift>2_3,3270,1.0
Shift>3_3,3270,1.0
ShiftV1_4,3299,0.0
ShiftV2_4,3299,0.0
Shift>1_4,3299,1.0
Shift>2_4,3299,0.0
Shift>3_4,3299,0.0
ShiftV1_3,3299,1.0
ShiftV2_3,3299,0.0
Shift>1_3,3299,1.0
Shift>2_3,3299,1.0
Shift>3_3,3299,1.0
ShiftV1_4,3300,0.0
ShiftV2_4,3300,0.0
Shift>1_4,3300,1.0
Shift>2_4,3300,1.0
Shift>3_4,3300,0.0
ShiftV1_3,3300,1.0
ShiftV2_3,3300,0.0
Shift>1_3,3300,1.0
Shift>2_3,3300,1.0
Shift>3_3,3300,1.0
ShiftV1_4,3329,0.0
ShiftV2_4,3329,0.0
Shift>1_4,3329,1.0
Shift>2_4,3329,1.0
Shift>3_4,3329,0.0
ShiftV1_3,3329,1.0
ShiftV2_3,3329,0.0
Shift>1_3,3329,1.0
Shift>2_3,3329,1.0
Shift>3_3,3329,1.0
ShiftV1_4,3330,0.0
ShiftV2_4,3330,0.0
Shift>1_4,3330,1.0
Shift>2_4,3330,1.0
Shift>3_4,3330,1.0
ShiftV1_3,3330,1.0
ShiftV2_3,3330,0.0
Shift>1_3,3330,1.0
Shift>2_3,3330,1.0
Shift>3_3,3330,1.0
ShiftV1_4,3359,0.0
ShiftV2_4,3359,0.0
Shift>1_4,3359,1.0
Shift>2_4,3359,1.0
Shift>3_4,3359,1.0
ShiftV1_3,3359,1.0
ShiftV2_3,3359,0.0
Shift>1_3,3359,1.0
Shift>2_3,3359,1.0
Shift>3_3,3359,1.0
ShiftV1_4,3360,0.0
ShiftV2_4,3360,0.0
Shift>1_4,3360,0.0
Shift>2_4,3360,0.0
Shift>3_4,3360,0.0
ShiftV1_3,3360,1.0
ShiftV2_3,3360,1.0
Shift>1_3,3360,0.0
Shift>2_3,3360,0.0
Shift>3_3,3360,0.0
ShiftV1_4,3389,0.0
ShiftV2_4,3389,0.0
Shift>1_4,3389,0.0
Shift>2_4,3389,0.0
Shift>3_4,3389,0.0
ShiftV1_3,3389,1.0
ShiftV2_3,3389,1.0
Shift>1_3,3389,0.0
Shift>2_3,3389,0.0
Shift>3_3,3389,0.0
ShiftV1_4,3390,0.0
ShiftV2_4,3390,0.0
Shift>1_4,3390,1.0
Shift>2_4,3390,0.0
Shift>3_4,3390,0.0
ShiftV1_3,3390,1.0
ShiftV2_3,3390,1.0
Shift>1_3,3390,0.0
Shift>2_3,3390,0.0
Shift>3_3,3390,0.0
ShiftV1_4,3419,0.0
ShiftV2_4,3419,0.0
Shift>1_4,3419,1.0
Shift>2_4,3419,0.0
Shift>3_4,3419,0.0
ShiftV1_3,3419,1.0
ShiftV2_3,3419,1.0
Shift>1_3,3419,0.0
Shift>2_3,3419,0.0
Shift>3_3,3419,0.0
ShiftV1_4,3420,0.0
ShiftV2_4,3420,0.0
Shift>1_4,3420,1.0
Shift>2_4,3420,1.0
Shift>3_4,3420,0.0
ShiftV1_3,3420,1.0
ShiftV2_3,3420,1.0
Shift>1_3,3420,0.0
Shift>2_3,3420,0.0
Shift>3_3,3420,0.0
ShiftV1_4,3449,0.0
ShiftV2_4,3449,0.0
Shift>1_4,3449,1.0
Shift>2_4,3449,1.0
Shift>3_4,3449,0.0
ShiftV1_3,3449,1.0
ShiftV2_3,3449,1.0
Shift>1_3,3449,0.0
Shift>2_3,3449,0.0
Shift>3_3,3449,0.0
ShiftV1_4,3450,0.0
ShiftV2_4,3450,0.0
Shift>1_4,3450,1.0
Shift>2_4,3450,1.0
Shift>3_4,3450,1.0
ShiftV1_3,3450,1.0
ShiftV2_3,3450,1.0
Shift>1_3,3450,0.0
Shift>2_3,3450,0.0
Shift>3_3,3450,0.0
ShiftV1_4,3479,0.0
ShiftV2_4,3479,0.0
Shift>1_4,3479,1.0
Shift>2_4,3479,1.0
Shift>3_4,3479,1.0
ShiftV1_3,3479,1.0
ShiftV2_3,3479,1.0
Shift>1_3,3479,0.0
Shift>2_3,3479,0.0
Shift>3_3,3479,0.0
ShiftV1_2,3479,0.0
ShiftV2_2,3479,0.0
Shift>1_2,3479,1.0
Shift>2_2,3479,1.0
Shift>3_2,3479,0.0
ShiftV1_4,3480,0.0
ShiftV2_4,3480,0.0
Shift>1_4,3480,0.0
Shift>2_4,3480,0.0
Shift>3_4,3480,0.0
ShiftV1_3,3480,1.0
ShiftV2_3,3480,1.0
Shift>1_3,3480,1.0
Shift>2_3,3480,0.0
Shift>3_3,3480,0.0
ShiftV1_2,3480,0.0
ShiftV2_2,3480,0.0
Shift>1_2,3480,1.0
Shift>2_2,3480,1.0
Shift>3_2,3480,1.0
ShiftV1_4,3509,0.0
ShiftV2_4,3509,0.0
Shift>1_4,3509,0.0
Shift>2_4,3509,0.0
Shift>3_4,3509,0.0
ShiftV1_3,3509,1.0
ShiftV2_3,3509,1.0
Shift>1_3,3509,1.0
Shift>2_3,3509,0.0
Shift>3_3,3509,0.0
ShiftV1_4,3510,0.0
ShiftV2_4,3510,0.0
Shift>1_4,3510,1.0
Shift>2_4,3510,0.0
Shift>3_4,3510,0.0
ShiftV1_3,3510,1.0
ShiftV2_3,3510,1.0
Shift>1_3,3510,1.0
Shift>2_3,3510,0.0
Shift>3_3,3510,0.0
ShiftV1_4,3539,0.0
ShiftV2_4,3539,0.0
Shift>1_4,3539,1.0
Shift>2_4,3539,0.0
Shift>3_4,3539,0.0
ShiftV1_3,3539,1.0
ShiftV2_3,3539,1.0
Shift>1_3,3539,1.0
Shift>2_3,3539,0.0
Shift>3_3,3539,0.0
ShiftV1_4,3540,0.0
ShiftV2_4,3540,0.0
Shift>1_4,3540,1.0
Shift>2_4,3540,1.0
Shift>3_4,3540,0.0
ShiftV1_3,3540,1.0
ShiftV2_3,3540,1.0
Shift>1_3,3540,1.0
Shift>2_3,3540,0.0
Shift>3_3,3540,0.0
ShiftV1_4,3569,0.0
ShiftV2_4,3569,0.0
Shift>1_4,3569,1.0
Shift>2_4,3569,1.0
Shift>3_4,3569,0.0
ShiftV1_3,3569,1.0
ShiftV2_3,3569,1.0
Shift>1_3,3569,1.0
Shift>2_3,3569,0.0
Shift>3_3,3569,0.0
ShiftV1_4,3570,0.0
ShiftV2_4,3570,0.0
Shift>1_4,3570,1.0
Shift>2_4,3570,1.0
Shift>3_4,3570,1.0
ShiftV1_3,3570,1.0
ShiftV2_3,3570,1.0
Shift>1_3,3570,1.0
Shift>2_3,3570,0.0
Shift>3_3,3570,0.0
ShiftV1_4,3599,0.0
ShiftV2_4,3599,0.0
Shift>1_4,3599,1.0
Shift>2_4,3599,1.0
Shift>3_4,3599,1.0
ShiftV1_3,3599,1.0
ShiftV2_3,3599,1.0
Shift>1_3,3599,1.0
Shift>2_3,3599,0.0
Shift>3_3,3599,0.0
